"Gemeinde_Nr","Gemeinde_color","Ja_Stimmen_In_Prozent","Nein_Stimmen_In_Prozent","Gemeinde_KT_d","Gemeinde_KT_f","Gemeinde_KT_i","Text_d","Text_f","Text_i"
1,70.3,70.3,29.7,"Aeugst am Albis ZH","Aeugst am Albis (ZH)","Aeugst am Albis ZH","Aeugst am Albis hat die Änderung des Sozialhilfegesetzes für eine ""klare rechtliche Grundlage für Sozialdetektive"" mit 70,3 Prozent angenommen.",,
2,69.2,69.2,30.8,"Affoltern am Albis ZH","Affoltern am Albis (ZH)","Affoltern am Albis ZH","Affoltern am Albis hat die Änderung des Sozialhilfegesetzes für eine ""klare rechtliche Grundlage für Sozialdetektive"" mit 69,2 Prozent angenommen.",,
3,67.9,67.9,32.1,"Bonstetten ZH","Bonstetten (ZH)","Bonstetten ZH","Bonstetten hat die Änderung des Sozialhilfegesetzes für eine ""klare rechtliche Grundlage für Sozialdetektive"" mit 67,9 Prozent angenommen.",,
4,67.9,67.9,32.1,"Hausen am Albis ZH","Hausen am Albis (ZH)","Hausen am Albis ZH","67,9 Prozent der Stimmbürgerinnen und Stimmbürger von Hausen am Albis haben der Änderung des Sozialhilfegesetzes für eine ""klare rechtliche Grundlage für Sozialdetektive"" zugestimmt.",,
5,67,67,33,"Hedingen ZH","Hedingen (ZH)","Hedingen ZH","Mit 67 Prozent Ja hat sich Hedingen für die Änderung des Sozialhilfegeetzes für eine ""klare rechtliche Grundlage für Sozialdetektive"" ausgesprochen.",,
6,60.4,60.4,39.6,"Kappel am Albis ZH","Kappel am Albis (ZH)","Kappel am Albis ZH","Kappel am Albis hat die Änderung des Sozialhilfegesetzes für eine ""klare rechtliche Grundlage für Sozialdetektive"" mit 60,4 Prozent angenommen.",,
7,70.2,70.2,29.8,"Knonau ZH","Knonau (ZH)","Knonau ZH","Mit 70,2 Prozent Ja hat sich Knonau für die Änderung des Sozialhilfegeetzes für eine ""klare rechtliche Grundlage für Sozialdetektive"" ausgesprochen.",,
8,66,66,34,"Maschwanden ZH","Maschwanden (ZH)","Maschwanden ZH","66 Prozent der Stimmbürgerinnen und Stimmbürger von Maschwanden haben der Änderung des Sozialhilfegesetzes für eine ""klare rechtliche Grundlage für Sozialdetektive"" zugestimmt.",,
9,50,0,0,"Mettmenstetten ZH","Mettmenstetten (ZH)","Mettmenstetten ZH","Die Resultate dieser Gemeinde sind noch nicht bekannt.","Les résultats ne sont pas encore connus dans cette commune.","I resultati di questa comune non sono ancora noti."
10,67.3,67.3,32.7,"Obfelden ZH","Obfelden (ZH)","Obfelden ZH","67,3 Prozent der Stimmbürgerinnen und Stimmbürger von Obfelden haben der Änderung des Sozialhilfegesetzes für eine ""klare rechtliche Grundlage für Sozialdetektive"" zugestimmt.",,
11,64.6,64.6,35.4,"Ottenbach ZH","Ottenbach (ZH)","Ottenbach ZH","Mit 64,6 Prozent Ja hat sich Ottenbach für die Änderung des Sozialhilfegeetzes für eine ""klare rechtliche Grundlage für Sozialdetektive"" ausgesprochen.",,
12,63.3,63.3,36.7,"Rifferswil ZH","Rifferswil (ZH)","Rifferswil ZH","Mit 63,3 Prozent Ja hat sich Rifferswil für die Änderung des Sozialhilfegeetzes für eine ""klare rechtliche Grundlage für Sozialdetektive"" ausgesprochen.",,
13,69.1,69.1,30.9,"Stallikon ZH","Stallikon (ZH)","Stallikon ZH","69,1 Prozent der Stimmbürgerinnen und Stimmbürger von Stallikon haben der Änderung des Sozialhilfegesetzes für eine ""klare rechtliche Grundlage für Sozialdetektive"" zugestimmt.",,
14,71.8,71.8,28.2,"Wettswil am Albis ZH","Wettswil am Albis (ZH)","Wettswil am Albis ZH","Wettswil am Albis hat die Änderung des Sozialhilfegesetzes für eine ""klare rechtliche Grundlage für Sozialdetektive"" mit 71,8 Prozent angenommen.",,
21,60,60,40,"Adlikon ZH","Adlikon (ZH)","Adlikon ZH","60 Prozent der Stimmbürgerinnen und Stimmbürger von Adlikon haben der Änderung des Sozialhilfegesetzes für eine ""klare rechtliche Grundlage für Sozialdetektive"" zugestimmt.",,
22,63.4,63.4,36.6,"Benken ZH","Benken (ZH)","Benken ZH","Mit 63,4 Prozent Ja hat sich Benken ZH für die Änderung des Sozialhilfegeetzes für eine ""klare rechtliche Grundlage für Sozialdetektive"" ausgesprochen.",,
23,58.8,58.8,41.2,"Berg am Irchel ZH","Berg am Irchel (ZH)","Berg am Irchel ZH","Berg am Irchel hat die Änderung des Sozialhilfegesetzes für eine ""klare rechtliche Grundlage für Sozialdetektive"" mit 58,8 Prozent angenommen.",,
24,66.2,66.2,33.8,"Buch am Irchel ZH","Buch am Irchel (ZH)","Buch am Irchel ZH","66,2 Prozent der Stimmbürgerinnen und Stimmbürger von Buch am Irchel haben der Änderung des Sozialhilfegesetzes für eine ""klare rechtliche Grundlage für Sozialdetektive"" zugestimmt.",,
25,69.6,69.6,30.4,"Dachsen ZH","Dachsen (ZH)","Dachsen ZH","69,6 Prozent der Stimmbürgerinnen und Stimmbürger von Dachsen haben der Änderung des Sozialhilfegesetzes für eine ""klare rechtliche Grundlage für Sozialdetektive"" zugestimmt.",,
26,67.4,67.4,32.6,"Dorf ZH","Dorf (ZH)","Dorf ZH","67,4 Prozent der Stimmbürgerinnen und Stimmbürger von Dorf haben der Änderung des Sozialhilfegesetzes für eine ""klare rechtliche Grundlage für Sozialdetektive"" zugestimmt.",,
27,69.9,69.9,30.1,"Feuerthalen ZH","Feuerthalen (ZH)","Feuerthalen ZH","Feuerthalen hat die Änderung des Sozialhilfegesetzes für eine ""klare rechtliche Grundlage für Sozialdetektive"" mit 69,9 Prozent angenommen.",,
28,61.5,61.5,38.5,"Flaach ZH","Flaach (ZH)","Flaach ZH","Flaach hat die Änderung des Sozialhilfegesetzes für eine ""klare rechtliche Grundlage für Sozialdetektive"" mit 61,5 Prozent angenommen.",,
29,72.5,72.5,27.5,"Flurlingen ZH","Flurlingen (ZH)","Flurlingen ZH","Flurlingen hat die Änderung des Sozialhilfegesetzes für eine ""klare rechtliche Grundlage für Sozialdetektive"" mit 72,5 Prozent angenommen.",,
30,67.2,67.2,32.8,"Andelfingen ZH","Andelfingen (ZH)","Andelfingen ZH","Mit 67,2 Prozent Ja hat sich Andelfingen für die Änderung des Sozialhilfegeetzes für eine ""klare rechtliche Grundlage für Sozialdetektive"" ausgesprochen.",,
31,71.9,71.9,28.1,"Henggart ZH","Henggart (ZH)","Henggart ZH","Henggart hat die Änderung des Sozialhilfegesetzes für eine ""klare rechtliche Grundlage für Sozialdetektive"" mit 71,9 Prozent angenommen.",,
32,60.1,60.1,39.9,"Humlikon ZH","Humlikon (ZH)","Humlikon ZH","60,1 Prozent der Stimmbürgerinnen und Stimmbürger von Humlikon haben der Änderung des Sozialhilfegesetzes für eine ""klare rechtliche Grundlage für Sozialdetektive"" zugestimmt.",,
33,66.4,66.4,33.6,"Kleinandelfingen ZH","Kleinandelfingen (ZH)","Kleinandelfingen ZH","Mit 66,4 Prozent Ja hat sich Kleinandelfingen für die Änderung des Sozialhilfegeetzes für eine ""klare rechtliche Grundlage für Sozialdetektive"" ausgesprochen.",,
34,67.4,67.4,32.6,"Laufen-Uhwiesen ZH","Laufen-Uhwiesen (ZH)","Laufen-Uhwiesen ZH","Laufen-Uhwiesen hat die Änderung des Sozialhilfegesetzes für eine ""klare rechtliche Grundlage für Sozialdetektive"" mit 67,4 Prozent angenommen.",,
35,51.7,51.7,48.3,"Marthalen ZH","Marthalen (ZH)","Marthalen ZH","Mit 51,7 Prozent Ja hat sich Marthalen für die Änderung des Sozialhilfegeetzes für eine ""klare rechtliche Grundlage für Sozialdetektive"" ausgesprochen.",,
37,67,67,33,"Ossingen ZH","Ossingen (ZH)","Ossingen ZH","Mit 67 Prozent Ja hat sich Ossingen für die Änderung des Sozialhilfegeetzes für eine ""klare rechtliche Grundlage für Sozialdetektive"" ausgesprochen.",,
38,69.7,69.7,30.3,"Rheinau ZH","Rheinau (ZH)","Rheinau ZH","Rheinau hat die Änderung des Sozialhilfegesetzes für eine ""klare rechtliche Grundlage für Sozialdetektive"" mit 69,7 Prozent angenommen.",,
39,61.7,61.7,38.3,"Thalheim an der Thur ZH","Thalheim an der Thur (ZH)","Thalheim an der Thur ZH","Thalheim an der Thur hat die Änderung des Sozialhilfegesetzes für eine ""klare rechtliche Grundlage für Sozialdetektive"" mit 61,7 Prozent angenommen.",,
40,55.2,55.2,44.8,"Trüllikon ZH","Trüllikon (ZH)","Trüllikon ZH","55,2 Prozent der Stimmbürgerinnen und Stimmbürger von Trüllikon haben der Änderung des Sozialhilfegesetzes für eine ""klare rechtliche Grundlage für Sozialdetektive"" zugestimmt.",,
41,54.5,54.5,45.5,"Truttikon ZH","Truttikon (ZH)","Truttikon ZH","54,5 Prozent der Stimmbürgerinnen und Stimmbürger von Truttikon haben der Änderung des Sozialhilfegesetzes für eine ""klare rechtliche Grundlage für Sozialdetektive"" zugestimmt.",,
43,59.6,59.6,40.4,"Volken ZH","Volken (ZH)","Volken ZH","Volken hat die Änderung des Sozialhilfegesetzes für eine ""klare rechtliche Grundlage für Sozialdetektive"" mit 59,6 Prozent angenommen.",,
51,66.8,66.8,33.2,"Bachenbülach ZH","Bachenbülach (ZH)","Bachenbülach ZH","66,8 Prozent der Stimmbürgerinnen und Stimmbürger von Bachenbülach haben der Änderung des Sozialhilfegesetzes für eine ""klare rechtliche Grundlage für Sozialdetektive"" zugestimmt.",,
52,69.4,69.4,30.6,"Bassersdorf ZH","Bassersdorf (ZH)","Bassersdorf ZH","69,4 Prozent der Stimmbürgerinnen und Stimmbürger von Bassersdorf haben der Änderung des Sozialhilfegesetzes für eine ""klare rechtliche Grundlage für Sozialdetektive"" zugestimmt.",,
53,50,0,0,"Bülach ZH","Bülach (ZH)","Bülach ZH","Die Resultate dieser Gemeinde sind noch nicht bekannt.","Les résultats ne sont pas encore connus dans cette commune.","I resultati di questa comune non sono ancora noti."
54,50,0,0,"Dietlikon ZH","Dietlikon (ZH)","Dietlikon ZH","Die Resultate dieser Gemeinde sind noch nicht bekannt.","Les résultats ne sont pas encore connus dans cette commune.","I resultati di questa comune non sono ancora noti."
55,69.1,69.1,30.9,"Eglisau ZH","Eglisau (ZH)","Eglisau ZH","Mit 69,1 Prozent Ja hat sich Eglisau für die Änderung des Sozialhilfegeetzes für eine ""klare rechtliche Grundlage für Sozialdetektive"" ausgesprochen.",,
56,63.2,63.2,36.8,"Embrach ZH","Embrach (ZH)","Embrach ZH","Embrach hat die Änderung des Sozialhilfegesetzes für eine ""klare rechtliche Grundlage für Sozialdetektive"" mit 63,2 Prozent angenommen.",,
57,60.3,60.3,39.7,"Freienstein-Teufen ZH","Freienstein-Teufen (ZH)","Freienstein-Teufen ZH","Mit 60,3 Prozent Ja hat sich Freienstein-Teufen für die Änderung des Sozialhilfegeetzes für eine ""klare rechtliche Grundlage für Sozialdetektive"" ausgesprochen.",,
58,50,0,0,"Glattfelden ZH","Glattfelden (ZH)","Glattfelden ZH","Die Resultate dieser Gemeinde sind noch nicht bekannt.","Les résultats ne sont pas encore connus dans cette commune.","I resultati di questa comune non sono ancora noti."
59,63.6,63.6,36.4,"Hochfelden ZH","Hochfelden (ZH)","Hochfelden ZH","63,6 Prozent der Stimmbürgerinnen und Stimmbürger von Hochfelden haben der Änderung des Sozialhilfegesetzes für eine ""klare rechtliche Grundlage für Sozialdetektive"" zugestimmt.",,
60,62.2,62.2,37.8,"Höri ZH","Höri (ZH)","Höri ZH","62,2 Prozent der Stimmbürgerinnen und Stimmbürger von Höri haben der Änderung des Sozialhilfegesetzes für eine ""klare rechtliche Grundlage für Sozialdetektive"" zugestimmt.",,
61,62.1,62.1,37.9,"Hüntwangen ZH","Hüntwangen (ZH)","Hüntwangen ZH","62,1 Prozent der Stimmbürgerinnen und Stimmbürger von Hüntwangen haben der Änderung des Sozialhilfegesetzes für eine ""klare rechtliche Grundlage für Sozialdetektive"" zugestimmt.",,
62,50,0,0,"Kloten ZH","Kloten (ZH)","Kloten ZH","Die Resultate dieser Gemeinde sind noch nicht bekannt.","Les résultats ne sont pas encore connus dans cette commune.","I resultati di questa comune non sono ancora noti."
63,62,62,38,"Lufingen ZH","Lufingen (ZH)","Lufingen ZH","62 Prozent der Stimmbürgerinnen und Stimmbürger von Lufingen haben der Änderung des Sozialhilfegesetzes für eine ""klare rechtliche Grundlage für Sozialdetektive"" zugestimmt.",,
64,50,0,0,"Nürensdorf ZH","Nürensdorf (ZH)","Nürensdorf ZH","Die Resultate dieser Gemeinde sind noch nicht bekannt.","Les résultats ne sont pas encore connus dans cette commune.","I resultati di questa comune non sono ancora noti."
65,55.6,55.6,44.4,"Oberembrach ZH","Oberembrach (ZH)","Oberembrach ZH","Mit 55,6 Prozent Ja hat sich Oberembrach für die Änderung des Sozialhilfegeetzes für eine ""klare rechtliche Grundlage für Sozialdetektive"" ausgesprochen.",,
66,67.6,67.6,32.4,"Opfikon ZH","Opfikon (ZH)","Opfikon ZH","Opfikon hat die Änderung des Sozialhilfegesetzes für eine ""klare rechtliche Grundlage für Sozialdetektive"" mit 67,6 Prozent angenommen.",,
67,61.6,61.6,38.4,"Rafz ZH","Rafz (ZH)","Rafz ZH","61,6 Prozent der Stimmbürgerinnen und Stimmbürger von Rafz haben der Änderung des Sozialhilfegesetzes für eine ""klare rechtliche Grundlage für Sozialdetektive"" zugestimmt.",,
68,60.2,60.2,39.8,"Rorbas ZH","Rorbas (ZH)","Rorbas ZH","Rorbas hat die Änderung des Sozialhilfegesetzes für eine ""klare rechtliche Grundlage für Sozialdetektive"" mit 60,2 Prozent angenommen.",,
69,68.4,68.4,31.6,"Wallisellen ZH","Wallisellen (ZH)","Wallisellen ZH","Wallisellen hat die Änderung des Sozialhilfegesetzes für eine ""klare rechtliche Grundlage für Sozialdetektive"" mit 68,4 Prozent angenommen.",,
70,60.3,60.3,39.7,"Wasterkingen ZH","Wasterkingen (ZH)","Wasterkingen ZH","60,3 Prozent der Stimmbürgerinnen und Stimmbürger von Wasterkingen haben der Änderung des Sozialhilfegesetzes für eine ""klare rechtliche Grundlage für Sozialdetektive"" zugestimmt.",,
71,58.3,58.3,41.7,"Wil ZH","Wil (ZH)","Wil ZH ZH","58,3 Prozent der Stimmbürgerinnen und Stimmbürger von Wil ZH haben der Änderung des Sozialhilfegesetzes für eine ""klare rechtliche Grundlage für Sozialdetektive"" zugestimmt.",,
72,64.8,64.8,35.2,"Winkel ZH","Winkel (ZH)","Winkel ZH","Winkel hat die Änderung des Sozialhilfegesetzes für eine ""klare rechtliche Grundlage für Sozialdetektive"" mit 64,8 Prozent angenommen.",,
81,57.9,57.9,42.1,"Bachs ZH","Bachs (ZH)","Bachs ZH","57,9 Prozent der Stimmbürgerinnen und Stimmbürger von Bachs haben der Änderung des Sozialhilfegesetzes für eine ""klare rechtliche Grundlage für Sozialdetektive"" zugestimmt.",,
82,64.5,64.5,35.5,"Boppelsen ZH","Boppelsen (ZH)","Boppelsen ZH","Boppelsen hat die Änderung des Sozialhilfegesetzes für eine ""klare rechtliche Grundlage für Sozialdetektive"" mit 64,5 Prozent angenommen.",,
83,67.5,67.5,32.5,"Buchs ZH","Buchs (ZH)","Buchs ZH","Buchs ZH hat die Änderung des Sozialhilfegesetzes für eine ""klare rechtliche Grundlage für Sozialdetektive"" mit 67,5 Prozent angenommen.",,
84,64.7,64.7,35.3,"Dällikon ZH","Dällikon (ZH)","Dällikon ZH","Mit 64,7 Prozent Ja hat sich Dällikon für die Änderung des Sozialhilfegeetzes für eine ""klare rechtliche Grundlage für Sozialdetektive"" ausgesprochen.",,
85,64.9,64.9,35.1,"Dänikon ZH","Dänikon (ZH)","Dänikon ZH","Dänikon hat die Änderung des Sozialhilfegesetzes für eine ""klare rechtliche Grundlage für Sozialdetektive"" mit 64,9 Prozent angenommen.",,
86,68.2,68.2,31.8,"Dielsdorf ZH","Dielsdorf (ZH)","Dielsdorf ZH","68,2 Prozent der Stimmbürgerinnen und Stimmbürger von Dielsdorf haben der Änderung des Sozialhilfegesetzes für eine ""klare rechtliche Grundlage für Sozialdetektive"" zugestimmt.",,
87,65.8,65.8,34.2,"Hüttikon ZH","Hüttikon (ZH)","Hüttikon ZH","Mit 65,8 Prozent Ja hat sich Hüttikon für die Änderung des Sozialhilfegeetzes für eine ""klare rechtliche Grundlage für Sozialdetektive"" ausgesprochen.",,
88,67.4,67.4,32.6,"Neerach ZH","Neerach (ZH)","Neerach ZH","67,4 Prozent der Stimmbürgerinnen und Stimmbürger von Neerach haben der Änderung des Sozialhilfegesetzes für eine ""klare rechtliche Grundlage für Sozialdetektive"" zugestimmt.",,
89,59.5,59.5,40.5,"Niederglatt ZH","Niederglatt (ZH)","Niederglatt ZH","Niederglatt hat die Änderung des Sozialhilfegesetzes für eine ""klare rechtliche Grundlage für Sozialdetektive"" mit 59,5 Prozent angenommen.",,
90,50,0,0,"Niederhasli ZH","Niederhasli (ZH)","Niederhasli ZH","Die Resultate dieser Gemeinde sind noch nicht bekannt.","Les résultats ne sont pas encore connus dans cette commune.","I resultati di questa comune non sono ancora noti."
91,68.4,68.4,31.6,"Niederweningen ZH","Niederweningen (ZH)","Niederweningen ZH","Niederweningen hat die Änderung des Sozialhilfegesetzes für eine ""klare rechtliche Grundlage für Sozialdetektive"" mit 68,4 Prozent angenommen.",,
92,67,67,33,"Oberglatt ZH","Oberglatt (ZH)","Oberglatt ZH","Mit 67 Prozent Ja hat sich Oberglatt für die Änderung des Sozialhilfegeetzes für eine ""klare rechtliche Grundlage für Sozialdetektive"" ausgesprochen.",,
93,50,0,0,"Oberweningen ZH","Oberweningen (ZH)","Oberweningen ZH","Die Resultate dieser Gemeinde sind noch nicht bekannt.","Les résultats ne sont pas encore connus dans cette commune.","I resultati di questa comune non sono ancora noti."
94,72.9,72.9,27.1,"Otelfingen ZH","Otelfingen (ZH)","Otelfingen ZH","Mit 72,9 Prozent Ja hat sich Otelfingen für die Änderung des Sozialhilfegeetzes für eine ""klare rechtliche Grundlage für Sozialdetektive"" ausgesprochen.",,
95,71.7,71.7,28.3,"Regensberg ZH","Regensberg (ZH)","Regensberg ZH","71,7 Prozent der Stimmbürgerinnen und Stimmbürger von Regensberg haben der Änderung des Sozialhilfegesetzes für eine ""klare rechtliche Grundlage für Sozialdetektive"" zugestimmt.",,
96,65.1,65.1,34.9,"Regensdorf ZH","Regensdorf (ZH)","Regensdorf ZH","65,1 Prozent der Stimmbürgerinnen und Stimmbürger von Regensdorf haben der Änderung des Sozialhilfegesetzes für eine ""klare rechtliche Grundlage für Sozialdetektive"" zugestimmt.",,
97,66.5,66.5,33.5,"Rümlang ZH","Rümlang (ZH)","Rümlang ZH","Rümlang hat die Änderung des Sozialhilfegesetzes für eine ""klare rechtliche Grundlage für Sozialdetektive"" mit 66,5 Prozent angenommen.",,
98,62.9,62.9,37.1,"Schleinikon ZH","Schleinikon (ZH)","Schleinikon ZH","Mit 62,9 Prozent Ja hat sich Schleinikon für die Änderung des Sozialhilfegeetzes für eine ""klare rechtliche Grundlage für Sozialdetektive"" ausgesprochen.",,
99,67,67,33,"Schöfflisdorf ZH","Schöfflisdorf (ZH)","Schöfflisdorf ZH","Schöfflisdorf hat die Änderung des Sozialhilfegesetzes für eine ""klare rechtliche Grundlage für Sozialdetektive"" mit 67 Prozent angenommen.",,
100,61.5,61.5,38.5,"Stadel ZH","Stadel (ZH)","Stadel ZH","Mit 61,5 Prozent Ja hat sich Stadel für die Änderung des Sozialhilfegeetzes für eine ""klare rechtliche Grundlage für Sozialdetektive"" ausgesprochen.",,
101,64,64,36,"Steinmaur ZH","Steinmaur (ZH)","Steinmaur ZH","Steinmaur hat die Änderung des Sozialhilfegesetzes für eine ""klare rechtliche Grundlage für Sozialdetektive"" mit 64 Prozent angenommen.",,
102,61.9,61.9,38.1,"Weiach ZH","Weiach (ZH)","Weiach ZH","61,9 Prozent der Stimmbürgerinnen und Stimmbürger von Weiach haben der Änderung des Sozialhilfegesetzes für eine ""klare rechtliche Grundlage für Sozialdetektive"" zugestimmt.",,
111,58.3,58.3,41.7,"Bäretswil ZH","Bäretswil (ZH)","Bäretswil ZH","Mit 58,3 Prozent Ja hat sich Bäretswil für die Änderung des Sozialhilfegeetzes für eine ""klare rechtliche Grundlage für Sozialdetektive"" ausgesprochen.",,
112,68.2,68.2,31.8,"Bubikon ZH","Bubikon (ZH)","Bubikon ZH","Mit 68,2 Prozent Ja hat sich Bubikon für die Änderung des Sozialhilfegeetzes für eine ""klare rechtliche Grundlage für Sozialdetektive"" ausgesprochen.",,
113,67.5,67.5,32.5,"Dürnten ZH","Dürnten (ZH)","Dürnten ZH","Dürnten hat die Änderung des Sozialhilfegesetzes für eine ""klare rechtliche Grundlage für Sozialdetektive"" mit 67,5 Prozent angenommen.",,
114,55,55,45,"Fischenthal ZH","Fischenthal (ZH)","Fischenthal ZH","Mit 55 Prozent Ja hat sich Fischenthal für die Änderung des Sozialhilfegeetzes für eine ""klare rechtliche Grundlage für Sozialdetektive"" ausgesprochen.",,
115,66.1,66.1,33.9,"Gossau ZH","Gossau (ZH)","Gossau ZH","66,1 Prozent der Stimmbürgerinnen und Stimmbürger von Gossau ZH haben der Änderung des Sozialhilfegesetzes für eine ""klare rechtliche Grundlage für Sozialdetektive"" zugestimmt.",,
116,50,0,0,"Grüningen ZH","Grüningen (ZH)","Grüningen ZH","Die Resultate dieser Gemeinde sind noch nicht bekannt.","Les résultats ne sont pas encore connus dans cette commune.","I resultati di questa comune non sono ancora noti."
117,64.6,64.6,35.4,"Hinwil ZH","Hinwil (ZH)","Hinwil ZH","64,6 Prozent der Stimmbürgerinnen und Stimmbürger von Hinwil haben der Änderung des Sozialhilfegesetzes für eine ""klare rechtliche Grundlage für Sozialdetektive"" zugestimmt.",,
118,50,0,0,"Rüti ZH","Rüti (ZH)","Rüti ZH","Die Resultate dieser Gemeinde sind noch nicht bekannt.","Les résultats ne sont pas encore connus dans cette commune.","I resultati di questa comune non sono ancora noti."
119,63,63,37,"Seegräben ZH","Seegräben (ZH)","Seegräben ZH","63 Prozent der Stimmbürgerinnen und Stimmbürger von Seegräben haben der Änderung des Sozialhilfegesetzes für eine ""klare rechtliche Grundlage für Sozialdetektive"" zugestimmt.",,
120,62.9,62.9,37.1,"Wald ZH","Wald (ZH)","Wald ZH","Wald ZH hat die Änderung des Sozialhilfegesetzes für eine ""klare rechtliche Grundlage für Sozialdetektive"" mit 62,9 Prozent angenommen.",,
121,67.9,67.9,32.1,"Wetzikon ZH","Wetzikon (ZH)","Wetzikon ZH","67,9 Prozent der Stimmbürgerinnen und Stimmbürger von Wetzikon ZH haben der Änderung des Sozialhilfegesetzes für eine ""klare rechtliche Grundlage für Sozialdetektive"" zugestimmt.",,
131,50,0,0,"Adliswil ZH","Adliswil (ZH)","Adliswil ZH","Die Resultate dieser Gemeinde sind noch nicht bekannt.","Les résultats ne sont pas encore connus dans cette commune.","I resultati di questa comune non sono ancora noti."
135,50,0,0,"Kilchberg ZH","Kilchberg (ZH)","Kilchberg ZH","Die Resultate dieser Gemeinde sind noch nicht bekannt.","Les résultats ne sont pas encore connus dans cette commune.","I resultati di questa comune non sono ancora noti."
136,50,0,0,"Langnau am Albis ZH","Langnau am Albis (ZH)","Langnau am Albis ZH","Die Resultate dieser Gemeinde sind noch nicht bekannt.","Les résultats ne sont pas encore connus dans cette commune.","I resultati di questa comune non sono ancora noti."
137,70.7,70.7,29.3,"Oberrieden ZH","Oberrieden (ZH)","Oberrieden ZH","70,7 Prozent der Stimmbürgerinnen und Stimmbürger von Oberrieden haben der Änderung des Sozialhilfegesetzes für eine ""klare rechtliche Grundlage für Sozialdetektive"" zugestimmt.",,
138,50,0,0,"Richterswil ZH","Richterswil (ZH)","Richterswil ZH","Die Resultate dieser Gemeinde sind noch nicht bekannt.","Les résultats ne sont pas encore connus dans cette commune.","I resultati di questa comune non sono ancora noti."
139,72.7,72.7,27.3,"Rüschlikon ZH","Rüschlikon (ZH)","Rüschlikon ZH","Mit 72,7 Prozent Ja hat sich Rüschlikon für die Änderung des Sozialhilfegeetzes für eine ""klare rechtliche Grundlage für Sozialdetektive"" ausgesprochen.",,
141,50,0,0,"Thalwil ZH","Thalwil (ZH)","Thalwil ZH","Die Resultate dieser Gemeinde sind noch nicht bekannt.","Les résultats ne sont pas encore connus dans cette commune.","I resultati di questa comune non sono ancora noti."
151,71.5,71.5,28.5,"Erlenbach ZH","Erlenbach (ZH)","Erlenbach ZH","Mit 71,5 Prozent Ja hat sich Erlenbach ZH für die Änderung des Sozialhilfegeetzes für eine ""klare rechtliche Grundlage für Sozialdetektive"" ausgesprochen.",,
152,69.2,69.2,30.8,"Herrliberg ZH","Herrliberg (ZH)","Herrliberg ZH","Herrliberg hat die Änderung des Sozialhilfegesetzes für eine ""klare rechtliche Grundlage für Sozialdetektive"" mit 69,2 Prozent angenommen.",,
153,50,0,0,"Hombrechtikon ZH","Hombrechtikon (ZH)","Hombrechtikon ZH","Die Resultate dieser Gemeinde sind noch nicht bekannt.","Les résultats ne sont pas encore connus dans cette commune.","I resultati di questa comune non sono ancora noti."
154,50,0,0,"Küsnacht ZH","Küsnacht (ZH)","Küsnacht ZH","Die Resultate dieser Gemeinde sind noch nicht bekannt.","Les résultats ne sont pas encore connus dans cette commune.","I resultati di questa comune non sono ancora noti."
155,70.1,70.1,29.9,"Männedorf ZH","Männedorf (ZH)","Männedorf ZH","Mit 70,1 Prozent Ja hat sich Männedorf für die Änderung des Sozialhilfegeetzes für eine ""klare rechtliche Grundlage für Sozialdetektive"" ausgesprochen.",,
156,50,0,0,"Meilen ZH","Meilen (ZH)","Meilen ZH","Die Resultate dieser Gemeinde sind noch nicht bekannt.","Les résultats ne sont pas encore connus dans cette commune.","I resultati di questa comune non sono ancora noti."
157,65.3,65.3,34.7,"Oetwil am See ZH","Oetwil am See (ZH)","Oetwil am See ZH","Oetwil am See hat die Änderung des Sozialhilfegesetzes für eine ""klare rechtliche Grundlage für Sozialdetektive"" mit 65,3 Prozent angenommen.",,
158,50,0,0,"Stäfa ZH","Stäfa (ZH)","Stäfa ZH","Die Resultate dieser Gemeinde sind noch nicht bekannt.","Les résultats ne sont pas encore connus dans cette commune.","I resultati di questa comune non sono ancora noti."
159,70.9,70.9,29.1,"Uetikon am See ZH","Uetikon am See (ZH)","Uetikon am See ZH","70,9 Prozent der Stimmbürgerinnen und Stimmbürger von Uetikon am See haben der Änderung des Sozialhilfegesetzes für eine ""klare rechtliche Grundlage für Sozialdetektive"" zugestimmt.",,
160,50,0,0,"Zumikon ZH","Zumikon (ZH)","Zumikon ZH","Die Resultate dieser Gemeinde sind noch nicht bekannt.","Les résultats ne sont pas encore connus dans cette commune.","I resultati di questa comune non sono ancora noti."
161,50,0,0,"Zollikon ZH","Zollikon (ZH)","Zollikon ZH","Die Resultate dieser Gemeinde sind noch nicht bekannt.","Les résultats ne sont pas encore connus dans cette commune.","I resultati di questa comune non sono ancora noti."
172,50,0,0,"Fehraltorf ZH","Fehraltorf (ZH)","Fehraltorf ZH","Die Resultate dieser Gemeinde sind noch nicht bekannt.","Les résultats ne sont pas encore connus dans cette commune.","I resultati di questa comune non sono ancora noti."
173,64.2,64.2,35.8,"Hittnau ZH","Hittnau (ZH)","Hittnau ZH","64,2 Prozent der Stimmbürgerinnen und Stimmbürger von Hittnau haben der Änderung des Sozialhilfegesetzes für eine ""klare rechtliche Grundlage für Sozialdetektive"" zugestimmt.",,
176,70.6,70.6,29.4,"Lindau ZH","Lindau (ZH)","Lindau ZH","Mit 70,6 Prozent Ja hat sich Lindau für die Änderung des Sozialhilfegeetzes für eine ""klare rechtliche Grundlage für Sozialdetektive"" ausgesprochen.",,
177,50,0,0,"Pfäffikon ZH","Pfäffikon (ZH)","Pfäffikon ZH","Die Resultate dieser Gemeinde sind noch nicht bekannt.","Les résultats ne sont pas encore connus dans cette commune.","I resultati di questa comune non sono ancora noti."
178,62.9,62.9,37.1,"Russikon ZH","Russikon (ZH)","Russikon ZH","Mit 62,9 Prozent Ja hat sich Russikon für die Änderung des Sozialhilfegeetzes für eine ""klare rechtliche Grundlage für Sozialdetektive"" ausgesprochen.",,
180,66.1,66.1,33.9,"Weisslingen ZH","Weisslingen (ZH)","Weisslingen ZH","Weisslingen hat die Änderung des Sozialhilfegesetzes für eine ""klare rechtliche Grundlage für Sozialdetektive"" mit 66,1 Prozent angenommen.",,
181,59.5,59.5,40.5,"Wila ZH","Wila (ZH)","Wila ZH","Wila hat die Änderung des Sozialhilfegesetzes für eine ""klare rechtliche Grundlage für Sozialdetektive"" mit 59,5 Prozent angenommen.",,
182,63.3,63.3,36.7,"Wildberg ZH","Wildberg (ZH)","Wildberg ZH","Mit 63,3 Prozent Ja hat sich Wildberg für die Änderung des Sozialhilfegeetzes für eine ""klare rechtliche Grundlage für Sozialdetektive"" ausgesprochen.",,
191,70.8,70.8,29.2,"Dübendorf ZH","Dübendorf (ZH)","Dübendorf ZH","Mit 70,8 Prozent Ja hat sich Dübendorf für die Änderung des Sozialhilfegeetzes für eine ""klare rechtliche Grundlage für Sozialdetektive"" ausgesprochen.",,
192,50,0,0,"Egg ZH","Egg (ZH)","Egg ZH","Die Resultate dieser Gemeinde sind noch nicht bekannt.","Les résultats ne sont pas encore connus dans cette commune.","I resultati di questa comune non sono ancora noti."
193,70.2,70.2,29.8,"Fällanden ZH","Fällanden (ZH)","Fällanden ZH","70,2 Prozent der Stimmbürgerinnen und Stimmbürger von Fällanden haben der Änderung des Sozialhilfegesetzes für eine ""klare rechtliche Grundlage für Sozialdetektive"" zugestimmt.",,
194,50,0,0,"Greifensee ZH","Greifensee (ZH)","Greifensee ZH","Die Resultate dieser Gemeinde sind noch nicht bekannt.","Les résultats ne sont pas encore connus dans cette commune.","I resultati di questa comune non sono ancora noti."
195,70.2,70.2,29.8,"Maur ZH","Maur (ZH)","Maur ZH","Mit 70,2 Prozent Ja hat sich Maur für die Änderung des Sozialhilfegeetzes für eine ""klare rechtliche Grundlage für Sozialdetektive"" ausgesprochen.",,
196,67.6,67.6,32.4,"Mönchaltorf ZH","Mönchaltorf (ZH)","Mönchaltorf ZH","Mit 67,6 Prozent Ja hat sich Mönchaltorf für die Änderung des Sozialhilfegeetzes für eine ""klare rechtliche Grundlage für Sozialdetektive"" ausgesprochen.",,
197,68.9,68.9,31.1,"Schwerzenbach ZH","Schwerzenbach (ZH)","Schwerzenbach ZH","68,9 Prozent der Stimmbürgerinnen und Stimmbürger von Schwerzenbach haben der Änderung des Sozialhilfegesetzes für eine ""klare rechtliche Grundlage für Sozialdetektive"" zugestimmt.",,
198,50,0,0,"Uster ZH","Uster (ZH)","Uster ZH","Die Resultate dieser Gemeinde sind noch nicht bekannt.","Les résultats ne sont pas encore connus dans cette commune.","I resultati di questa comune non sono ancora noti."
199,65.7,65.7,34.3,"Volketswil ZH","Volketswil (ZH)","Volketswil ZH","65,7 Prozent der Stimmbürgerinnen und Stimmbürger von Volketswil haben der Änderung des Sozialhilfegesetzes für eine ""klare rechtliche Grundlage für Sozialdetektive"" zugestimmt.",,
200,50,0,0,"Wangen-Brüttisellen ZH","Wangen-Brüttisellen (ZH)","Wangen-Brüttisellen ZH","Die Resultate dieser Gemeinde sind noch nicht bekannt.","Les résultats ne sont pas encore connus dans cette commune.","I resultati di questa comune non sono ancora noti."
211,65.7,65.7,34.3,"Altikon ZH","Altikon (ZH)","Altikon ZH","65,7 Prozent der Stimmbürgerinnen und Stimmbürger von Altikon haben der Änderung des Sozialhilfegesetzes für eine ""klare rechtliche Grundlage für Sozialdetektive"" zugestimmt.",,
213,64.9,64.9,35.1,"Brütten ZH","Brütten (ZH)","Brütten ZH","Brütten hat die Änderung des Sozialhilfegesetzes für eine ""klare rechtliche Grundlage für Sozialdetektive"" mit 64,9 Prozent angenommen.",,
214,67.6,67.6,32.4,"Dägerlen ZH","Dägerlen (ZH)","Dägerlen ZH","67,6 Prozent der Stimmbürgerinnen und Stimmbürger von Dägerlen haben der Änderung des Sozialhilfegesetzes für eine ""klare rechtliche Grundlage für Sozialdetektive"" zugestimmt.",,
215,68.7,68.7,31.3,"Dättlikon ZH","Dättlikon (ZH)","Dättlikon ZH","68,7 Prozent der Stimmbürgerinnen und Stimmbürger von Dättlikon haben der Änderung des Sozialhilfegesetzes für eine ""klare rechtliche Grundlage für Sozialdetektive"" zugestimmt.",,
216,57.6,57.6,42.4,"Dinhard ZH","Dinhard (ZH)","Dinhard ZH","57,6 Prozent der Stimmbürgerinnen und Stimmbürger von Dinhard haben der Änderung des Sozialhilfegesetzes für eine ""klare rechtliche Grundlage für Sozialdetektive"" zugestimmt.",,
218,62.8,62.8,37.2,"Ellikon an der Thur ZH","Ellikon an der Thur (ZH)","Ellikon an der Thur ZH","62,8 Prozent der Stimmbürgerinnen und Stimmbürger von Ellikon an der Thur haben der Änderung des Sozialhilfegesetzes für eine ""klare rechtliche Grundlage für Sozialdetektive"" zugestimmt.",,
219,63.3,63.3,36.7,"Elsau ZH","Elsau (ZH)","Elsau ZH","Elsau hat die Änderung des Sozialhilfegesetzes für eine ""klare rechtliche Grundlage für Sozialdetektive"" mit 63,3 Prozent angenommen.",,
220,53.7,53.7,46.3,"Hagenbuch ZH","Hagenbuch (ZH)","Hagenbuch ZH","Hagenbuch hat die Änderung des Sozialhilfegesetzes für eine ""klare rechtliche Grundlage für Sozialdetektive"" mit 53,7 Prozent angenommen.",,
221,70.3,70.3,29.7,"Hettlingen ZH","Hettlingen (ZH)","Hettlingen ZH","Mit 70,3 Prozent Ja hat sich Hettlingen für die Änderung des Sozialhilfegeetzes für eine ""klare rechtliche Grundlage für Sozialdetektive"" ausgesprochen.",,
223,66.7,66.7,33.3,"Neftenbach ZH","Neftenbach (ZH)","Neftenbach ZH","Neftenbach hat die Änderung des Sozialhilfegesetzes für eine ""klare rechtliche Grundlage für Sozialdetektive"" mit 66,7 Prozent angenommen.",,
224,62.8,62.8,37.2,"Pfungen ZH","Pfungen (ZH)","Pfungen ZH","Mit 62,8 Prozent Ja hat sich Pfungen für die Änderung des Sozialhilfegeetzes für eine ""klare rechtliche Grundlage für Sozialdetektive"" ausgesprochen.",,
225,50,0,0,"Rickenbach ZH","Rickenbach (ZH)","Rickenbach ZH","Die Resultate dieser Gemeinde sind noch nicht bekannt.","Les résultats ne sont pas encore connus dans cette commune.","I resultati di questa comune non sono ancora noti."
226,64.9,64.9,35.1,"Schlatt ZH","Schlatt (ZH)","Schlatt ZH","64,9 Prozent der Stimmbürgerinnen und Stimmbürger von Schlatt ZH haben der Änderung des Sozialhilfegesetzes für eine ""klare rechtliche Grundlage für Sozialdetektive"" zugestimmt.",,
227,72.3,72.3,27.7,"Seuzach ZH","Seuzach (ZH)","Seuzach ZH","72,3 Prozent der Stimmbürgerinnen und Stimmbürger von Seuzach haben der Änderung des Sozialhilfegesetzes für eine ""klare rechtliche Grundlage für Sozialdetektive"" zugestimmt.",,
228,50,0,0,"Turbenthal ZH","Turbenthal (ZH)","Turbenthal ZH","Die Resultate dieser Gemeinde sind noch nicht bekannt.","Les résultats ne sont pas encore connus dans cette commune.","I resultati di questa comune non sono ancora noti."
230,50,0,0,"Winterthur ZH","Winterthour (ZH)","Winterthur ZH","Die Resultate dieser Gemeinde sind noch nicht bekannt.","Les résultats ne sont pas encore connus dans cette commune.","I resultati di questa comune non sono ancora noti."
231,68.5,68.5,31.5,"Zell ZH","Zell (ZH)","Zell ZH","68,5 Prozent der Stimmbürgerinnen und Stimmbürger von Zell ZH haben der Änderung des Sozialhilfegesetzes für eine ""klare rechtliche Grundlage für Sozialdetektive"" zugestimmt.",,
241,72.4,72.4,27.6,"Aesch ZH","Aesch (ZH)","Aesch ZH","72,4 Prozent der Stimmbürgerinnen und Stimmbürger von Aesch ZH haben der Änderung des Sozialhilfegesetzes für eine ""klare rechtliche Grundlage für Sozialdetektive"" zugestimmt.",,
242,50,0,0,"Birmensdorf ZH","Birmensdorf (ZH)","Birmensdorf ZH","Die Resultate dieser Gemeinde sind noch nicht bekannt.","Les résultats ne sont pas encore connus dans cette commune.","I resultati di questa comune non sono ancora noti."
243,50,0,0,"Dietikon ZH","Dietikon (ZH)","Dietikon ZH","Die Resultate dieser Gemeinde sind noch nicht bekannt.","Les résultats ne sont pas encore connus dans cette commune.","I resultati di questa comune non sono ancora noti."
244,70.5,70.5,29.5,"Geroldswil ZH","Geroldswil (ZH)","Geroldswil ZH","Geroldswil hat die Änderung des Sozialhilfegesetzes für eine ""klare rechtliche Grundlage für Sozialdetektive"" mit 70,5 Prozent angenommen.",,
245,67.9,67.9,32.1,"Oberengstringen ZH","Oberengstringen (ZH)","Oberengstringen ZH","Mit 67,9 Prozent Ja hat sich Oberengstringen für die Änderung des Sozialhilfegeetzes für eine ""klare rechtliche Grundlage für Sozialdetektive"" ausgesprochen.",,
246,50,0,0,"Oetwil an der Limmat ZH","Oetwil an der Limmat (ZH)","Oetwil an der Limmat ZH","Die Resultate dieser Gemeinde sind noch nicht bekannt.","Les résultats ne sont pas encore connus dans cette commune.","I resultati di questa comune non sono ancora noti."
247,50,0,0,"Schlieren ZH","Schlieren (ZH)","Schlieren ZH","Die Resultate dieser Gemeinde sind noch nicht bekannt.","Les résultats ne sont pas encore connus dans cette commune.","I resultati di questa comune non sono ancora noti."
248,50,0,0,"Uitikon ZH","Uitikon (ZH)","Uitikon ZH","Die Resultate dieser Gemeinde sind noch nicht bekannt.","Les résultats ne sont pas encore connus dans cette commune.","I resultati di questa comune non sono ancora noti."
249,69.8,69.8,30.2,"Unterengstringen ZH","Unterengstringen (ZH)","Unterengstringen ZH","Unterengstringen hat die Änderung des Sozialhilfegesetzes für eine ""klare rechtliche Grundlage für Sozialdetektive"" mit 69,8 Prozent angenommen.",,
250,50,0,0,"Urdorf ZH","Urdorf (ZH)","Urdorf ZH","Die Resultate dieser Gemeinde sind noch nicht bekannt.","Les résultats ne sont pas encore connus dans cette commune.","I resultati di questa comune non sono ancora noti."
251,66.8,66.8,33.2,"Weiningen ZH","Weiningen (ZH)","Weiningen ZH","66,8 Prozent der Stimmbürgerinnen und Stimmbürger von Weiningen ZH haben der Änderung des Sozialhilfegesetzes für eine ""klare rechtliche Grundlage für Sozialdetektive"" zugestimmt.",,
261,50,0,0,"Zürich ZH","Zurich (ZH)","Zurigo ZH","Die Resultate dieser Gemeinde sind noch nicht bekannt.","Les résultats ne sont pas encore connus dans cette commune.","I resultati di questa comune non sono ancora noti."
292,61.7,61.7,38.3,"Stammheim ZH","Stammheim (ZH)","Stammheim ZH","Mit 61,7 Prozent Ja hat sich Stammheim für die Änderung des Sozialhilfegeetzes für eine ""klare rechtliche Grundlage für Sozialdetektive"" ausgesprochen.",,
293,50,0,0,"Wädenswil ZH","Wädenswil (ZH)","Wädenswil ZH","Die Resultate dieser Gemeinde sind noch nicht bekannt.","Les résultats ne sont pas encore connus dans cette commune.","I resultati di questa comune non sono ancora noti."
294,69.4,69.4,30.6,"Elgg ZH","Elgg (ZH)","Elgg ZH","Mit 69,4 Prozent Ja hat sich Elgg für die Änderung des Sozialhilfegeetzes für eine ""klare rechtliche Grundlage für Sozialdetektive"" ausgesprochen.",,
295,73,73,27,"Horgen ZH","Horgen (ZH)","Horgen ZH","73 Prozent der Stimmbürgerinnen und Stimmbürger von Horgen haben der Änderung des Sozialhilfegesetzes für eine ""klare rechtliche Grundlage für Sozialdetektive"" zugestimmt.",,
296,68.1,68.1,31.9,"Illnau-Effretikon ZH","Illnau-Effretikon (ZH)","Illnau-Effretikon ZH","Illnau-Effretikon hat die Änderung des Sozialhilfegesetzes für eine ""klare rechtliche Grundlage für Sozialdetektive"" mit 68,1 Prozent angenommen.",,
297,50,0,0,"Bauma ZH","Bauma (ZH)","Bauma ZH","Die Resultate dieser Gemeinde sind noch nicht bekannt.","Les résultats ne sont pas encore connus dans cette commune.","I resultati di questa comune non sono ancora noti."
298,68,68,32,"Wiesendangen ZH","Wiesendangen (ZH)","Wiesendangen ZH","Wiesendangen hat die Änderung des Sozialhilfegesetzes für eine ""klare rechtliche Grundlage für Sozialdetektive"" mit 68 Prozent angenommen.",,
